{
  "placeholderImages": [
    {
      "id": "day1",
      "description": "A refreshing pitcher of water with sliced lemons, limes, and mint leaves.",
      "imageUrl": "https://images.unsplash.com/photo-1671920090611-9a40303b52cb?crop=entropy&cs=tinysrgb&fit=max&fm=jpg&ixid=M3w3NDE5ODJ8MHwxfHNlYXJjaHw3fHxjaXRydXMlMjB3YXRlcnxlbnwwfHx8fDE3NjA4MzE3NTB8MA&ixlib=rb-4.1.0&q=80&w=1080",
      "imageHint": "citrus water"
    },
    {
      "id": "day2",
      "description": "A warm, soothing cup of peppermint tea.",
      "imageUrl": "https://images.unsplash.com/photo-1567708415681-d1d249e182eb?crop=entropy&cs=tinysrgb&fit=max&fm=jpg&ixid=M3w3NDE5ODJ8MHwxfHNlYXJjaHw4fHxwZXBwZXJtaW50JTIwdGVhfGVufDB8fHx8MTc2MDgzMTc1MHww&ixlib=rb-4.1.0&q=80&w=1080",
      "imageHint": "peppermint tea"
    },
    {
      "id": "day3",
      "description": "A healthy smoothie with oats and banana.",
      "imageUrl": "https://images.unsplash.com/photo-1542444592-e6880e286bb9?crop=entropy&cs=tinysrgb&fit=max&fm=jpg&ixid=M3w3NDE5ODJ8MHwxfHNlYXJjaHwxfHxvYXQlMjBiYW5hbmElMjBzbW9vdGhpZXxlbnwwfHx8fDE3NjA4MzE3NTB8MA&ixlib=rb-4.1.0&q=80&w=1080",
      "imageHint": "oat banana smoothie"
    },
    {
      "id": "day4",
      "description": "A warm cup of tea with fresh ginger and lemon slices.",
      "imageUrl": "https://images.unsplash.com/photo-1682530016944-dd4354089b1b?crop=entropy&cs=tinysrgb&fit=max&fm=jpg&ixid=M3w3NDE5ODJ8MHwxfHNlYXJjaHwxMHx8Z2luZ2VyJTIwbGVtb24lMjB0ZWF8ZW58MHx8fHwxNzYwODMxNzUwfDA&ixlib=rb-4.1.0&q=80&w=1080",
      "imageHint": "ginger lemon tea"
    },
    {
      "id": "day5",
      "description": "A vibrant green smoothie with spinach and pineapple.",
      "imageUrl": "https://images.unsplash.com/photo-1610622929850-77f505c3ce5a?crop=entropy&cs=tinysrgb&fit=max&fm=jpg&ixid=M3w3NDE5ODJ8MHwxfHNlYXJjaHw1fHxncmVlbiUyMHNtb290aGllfGVufDB8fHx8MTc2MDczNzYxNHww&ixlib=rb-4.1.0&q=80&w=1080",
      "imageHint": "green smoothie"
    },
    {
      "id": "day6",
      "description": "A calming cup of warm milk with a spoonful of honey.",
      "imageUrl": "https://images.unsplash.com/photo-1725017873551-dcd2baa7fd21?crop=entropy&cs=tinysrgb&fit=max&fm=jpg&ixid=M3w3NDE5ODJ8MHwxfHNlYXJjaHwxMHx8d2FybSUyMG1pbGslMjBob25leXxlbnwwfHx8fDE3NjA4MzE3NTF8MA&ixlib=rb-4.1.0&q=80&w=1080",
      "imageHint": "warm milk honey"
    },
    {
      "id": "day7",
      "description": "A vibrant glass of orange, carrot, and ginger juice.",
      "imageUrl": "https://images.unsplash.com/photo-1652285952883-424ef54ed526?crop=entropy&cs=tinysrgb&fit=max&fm=jpg&ixid=M3w3NDE5ODJ8MHwxfHNlYXJjaHw1fHxvcmFuZ2UlMjBjYXJyb3QlMjBqdWljZXxlbnwwfHx8fDE3NjA4MzE3NTB8MA&ixlib=rb-4.1.0&q=80&w=1080",
      "imageHint": "orange carrot juice"
    },
    {
      "id": "day8",
      "description": "A fresh pear and an apple, representing fiber-rich foods.",
      "imageUrl": "https://images.unsplash.com/photo-1662566744748-130c5c71568e?crop=entropy&cs=tinysrgb&fit=max&fm=jpg&ixid=M3w3NDE5ODJ8MHwxfHNlYXJjaHw4fHxhcHBsZSUyMHBlYXJ8ZW58MHx8fHwxNzYwODMxNzUwfDA&ixlib=rb-4.1.0&q=80&w=1080",
      "imageHint": "apple pear"
    },
    {
      "id": "day9",
      "description": "A creamy Rooibos tea latte in a large mug.",
      "imageUrl": "https://images.unsplash.com/photo-1600271701563-2077ef4b5247?crop=entropy&cs=tinysrgb&fit=max&fm=jpg&ixid=M3w3NDE5ODJ8MHwxfHNlYXJjaHwxfHx0ZWElMjBsYXR0ZXxlbnwwfHx8fDE3NjA4MzE3NTF8MA&ixlib=rb-4.1.0&q=80&w=1080",
      "imageHint": "tea latte"
    },
    {
      "id": "day10",
      "description": "A sophisticated, refreshing cucumber-lime spritzer in a tall glass.",
      "imageUrl": "https://images.unsplash.com/photo-1589664088328-c02192c6a0f0?crop=entropy&cs=tinysrgb&fit=max&fm=jpg&ixid=M3w3NDE5ODJ8MHwxfHNlYXJjaHw3fHxjdWN1bWJlciUyMHNwcml0emVyfGVufDB8fHx8MTc2MDgzMTc1MHww&ixlib=rb-4.1.0&q=80&w=1080",
      "imageHint": "cucumber spritzer"
    },
    {
      "id": "day11",
      "description": "A festive, non-alcoholic berry-lime mocktail.",
      "imageUrl": "https://images.unsplash.com/photo-1595981266686-0cf387d0a608?crop=entropy&cs=tinysrgb&fit=max&fm=jpg&ixid=M3w3NDE5ODJ8MHwxfHNlYXJjaHwyfHxiZXJyeSUyMG1vY2t0YWlsfGVufDB8fHx8MTc2MDgzMTc1MHww&ixlib=rb-4.1.0&q=80&w=1080",
      "imageHint": "berry mocktail"
    },
    {
      "id": "day12",
      "description": "Crisp apple slices served with a side of nut butter.",
      "imageUrl": "https://images.unsplash.com/photo-1584236432532-71775802c8d7?crop=entropy&cs=tinysrgb&fit=max&fm=jpg&ixid=M3w3NDE5ODJ8MHwxfHNlYXJjaHw1fHxhcHBsZSUyMG51dCUyMGJ1dHRlcnxlbnwwfHx8fDE3NjA4MzE3NTB8MA&ixlib=rb-4.1.0&q=80&w=1080",
      "imageHint": "apple nut butter"
    },
    {
      "id": "day13",
      "description": "A calming cup of chamomile tea next to a book.",
      "imageUrl": "https://images.unsplash.com/photo-1698780518764-dd68bdb851e9?crop=entropy&cs=tinysrgb&fit=max&fm=jpg&ixid=M3w3NDE5ODJ8MHwxfHNlYXJjaHwyfHxjaGFtb21pbGUlMjB0ZWElMjBib29rfGVufDB8fHx8MTc2MDgzMTc1MXww&ixlib=rb-4.1.0&q=80&w=1080",
      "imageHint": "chamomile tea book"
    },
    {
      "id": "day14",
      "description": "A celebratory pineapple-mint smoothie.",
      "imageUrl": "https://images.unsplash.com/photo-1530894649581-58df9294379f?crop=entropy&cs=tinysrgb&fit=max&fm=jpg&ixid=M3w3NDE5ODJ8MHwxfHNlYXJjaHw1fHxwaW5lYXBwbGUlMjBzbW9vdGhpZXxlbnwwfHx8fDE3NjA3OTAxNDN8MA&ixlib=rb-4.1.0&q=80&w=1080",
      "imageHint": "pineapple smoothie"
    },
    {
      "id": "day15",
      "description": "A healthy snack box with carrots, almonds, and berries.",
      "imageUrl": "https://images.unsplash.com/photo-1745857465058-62d1d923e2ab?crop=entropy&cs=tinysrgb&fit=max&fm=jpg&ixid=M3w3NDE5ODJ8MHwxfHNlYXJjaHw5fHxoZWFsdGh5JTIwc25hY2slMjBib3h8ZW58MHx8fHwxNzYwODMxNzUwfDA&ixlib=rb-4.1.0&q=80&w=1080",
      "imageHint": "healthy snack box"
    },
    {
      "id": "day16",
      "description": "A quit kit in a car's cup holder, with water, gum, and snacks.",
      "imageUrl": "https://images.unsplash.com/photo-1569176330438-fa1ed1042542?crop=entropy&cs=tinysrgb&fit=max&fm=jpg&ixid=M3w3NDE5ODJ8MHwxfHNlYXJjaHwxMHx8Y2FyJTIwcXVpdCUyMGtpdHxlbnwwfHx8fDE3NjA4MzE3NTB8MA&ixlib=rb-4.1.0&q=80&w=1080",
      "imageHint": "car quit kit"
    },
    {
      "id": "day17",
      "description": "A cup of peppermint tea and a toothbrush, representing a post-meal ritual.",
      "imageUrl": "https://images.unsplash.com/photo-1625834319124-345137437603?crop=entropy&cs=tinysrgb&fit=max&fm=jpg&ixid=M3w3NDE5ODJ8MHwxfHNlYXJjaHw3fHx0ZWElMjB0b290aGJydXNofGVufDB8fHx8MTc2MDgzMTc1MHww&ixlib=rb-4.1.0&q=80&w=1080",
      "imageHint": "tea toothbrush"
    },
    {
      "id": "day18",
      "description": "A calming cup of chamomile and ginger tea.",
      "imageUrl": "https://images.unsplash.com/photo-1655740098787-7891a400c92b?crop=entropy&cs=tinysrgb&fit=max&fm=jpg&ixid=M3w3NDE5ODJ8MHwxfHNlYXJjaHw2fHxjYWxtaW5nJTIwdGVhfGVufDB8fHx8MTc2MDgzMTc1MHww&ixlib=rb-4.1.0&q=80&w=1080",
      "imageHint": "calming tea"
    },
    {
      "id": "day19",
      "description": "A bright bowl of citrus fruits and berries.",
      "imageUrl": "https://images.unsplash.com/photo-1725553170333-3b46803718ce?crop=entropy&cs=tinysrgb&fit=max&fm=jpg&ixid=M3w3NDE5ODJ8MHwxfHNlYXJjaHwzfHxjaXRydXMlMjBmcnVpdCUyMGJvd2x8ZW58MHx8fHwxNzYwODMxNzUwfDA&ixlib=rb-4.1.0&q=80&w=1080",
      "imageHint": "citrus fruit bowl"
    },
    {
      "id": "day20",
      "description": "A delicious bowl of strawberry-banana nice cream.",
      "imageUrl": "https://images.unsplash.com/photo-1628070027209-6f3e16a80f93?crop=entropy&cs=tinysrgb&fit=max&fm=jpg&ixid=M3w3NDE5ODJ8MHwxfHNlYXJjaHwxMHx8c3RyYXdiZXJyeSUyMGJhbmFuYSUyMGljZWNyZWFtfGVufDB8fHx8MTc2MDgzMTc1MHww&ixlib=rb-4.1.0&q=80&w=1080",
      "imageHint": "strawberry banana icecream"
    },
    {
      "id": "day21",
      "description": "A person writing in a journal, planning for the future.",
      "imageUrl": "https://images.unsplash.com/photo-1591204715559-4a43d6a56ba0?crop=entropy&cs=tinysrgb&fit=max&fm=jpg&ixid=M3w3NDE5ODJ8MHwxfHNlYXJjaHwxMHx8am91cm5hbGluZyUyMGZ1dHVyZXxlbnwwfHx8fDE3NjA4MzE3NTB8MA&ixlib=rb-4.1.0&q=80&w=1080",
      "imageHint": "journaling future"
    }
  ]
}